rate,european_call,american_call,call_difference,european_put,american_put,put_difference
-0.1,4.1568306292236095,5.0347575112784275,0.8779268820548181,14.673922436788317,14.673922436788317,0.0
-0.075,4.962246810503913,5.607473427102478,0.6452266165985652,12.750661898967262,12.750661898967262,0.0
-0.05,5.863675792178037,6.269154449296175,0.40547865711813813,10.99078542978051,10.99078542978051,0.0
-0.025,6.861861741050421,7.0381240982173265,0.1762623571669053,9.393373793493254,9.393373793493254,0.0
0.0,7.955947212798002,7.955947212798008,5.329070518200751e-15,7.955947212798024,7.955947212798024,0.0
0.025,9.161450568181321,9.161450568181321,0.0,6.69244177101468,6.924296958450377,0.23185518743569666
0.05,10.454758499181015,10.454758499181015,0.0,5.577700949252295,6.09433772550508,0.5166367762527857
0.075,11.829343523144345,11.829343523144345,0.0,4.6036921559996,5.4023084210531875,0.798616265053588
0.1,13.277514090163653,13.277514090163653,0.0,3.7612558937595795,4.816466649206151,1.0552107554465717
