nb_steps,max_absolute_error,max_error_strike,n_times_max_error
20,0.10093347481687776,106.75,2.018669496337555
30,0.06776564422884768,105.75,2.0329693268654303
50,0.040876113750238474,105.0,2.0438056875119237
75,0.027296721601183904,102.0,2.047254120088793
100,0.02043949691691438,104.0,2.043949691691438
150,0.013655969959227576,103.75,2.0483954938841364
200,0.010252661114004802,103.5,2.0505322228009604
300,0.006820207037549153,103.25,2.046062111264746
400,0.005107125157286063,103.0,2.0428500629144253
500,0.004065239035433876,104.75,2.032619517716938
