nb_steps,tree_price,black_scholes_price,error,absolute_error
1,10.94026906976209,8.916037278572539,2.0242317911895515,2.0242317911895515
2,8.50112252869645,8.916037278572539,-0.4149147498760879,0.4149147498760879
3,9.569266102247703,8.916037278572539,0.653228823675164,0.653228823675164
5,9.28949799276144,8.916037278572539,0.3734607141889015,0.3734607141889015
10,8.931188174881761,8.916037278572539,0.015150896309222617,0.015150896309222617
20,8.955651650247887,8.916037278572539,0.039614371675348536,0.039614371675348536
50,8.949346127059181,8.916037278572539,0.03330884848664262,0.03330884848664262
100,8.936136704385582,8.916037278572539,0.02009942581304358,0.02009942581304358
200,8.922754856300196,8.916037278572539,0.0067175777276577975,0.0067175777276577975
500,8.915479965000927,8.916037278572539,-0.0005573135716119282,0.0005573135716119282
