nb_steps,strike,tree_price,black_scholes_price,error
10,89.0,15.41256768374342,15.502859613118403,-0.09029192937498287
10,89.25,15.216297246133884,15.327018442964324,-0.1107211968304398
10,89.5,15.02002680852435,15.15234205171138,-0.1323152431870298
10,89.75,14.823756370914808,14.97883634576305,-0.15507997484824187
10,90.0,14.651175633272581,14.806507015711006,-0.15533138243842437
10,90.25,14.50817594681281,14.635359534915906,-0.1271835881030956
10,90.5,14.365176260353039,14.46539915822487,-0.1002228978718307
10,90.75,14.222176573893263,14.29663092082523,-0.07445434693196695
10,91.0,14.079176887433496,14.129059637233674,-0.049882749800177706
10,91.25,13.936177200973727,13.962689900419782,-0.026512699446055166
10,91.5,13.793177514513957,13.797526081063111,-0.004348566549154498
10,91.75,13.650177828054183,13.633572326942883,0.016605501111300214
10,92.0,13.507178141594418,13.470832562458575,0.03634557913584224
10,92.25,13.364178455134644,13.309310488280623,0.05486796685402062
10,92.5,13.221178768674879,13.149009581129341,0.07216918754553703
10,92.75,13.078179082215105,12.989933093681081,0.08824598853402321
10,93.0,12.93517939575533,12.832084054599193,0.10309534115613772
10,93.25,12.792179709295567,12.67546526868911,0.11671444060645797
10,93.5,12.649180022835791,12.520079317174854,0.129100705660937
10,93.75,12.506180336376024,12.365928558095426,0.14025177828059832
10,94.0,12.363180649916249,12.213015126819478,0.15016552309677067
10,94.25,12.220180963456482,12.061340936675357,0.15884002678112452
10,94.5,12.077181276996706,11.910907679695498,0.16627359730120794
10,94.75,11.934181590536944,11.761716827471922,0.17246476306502245
10,95.0,11.791181904077169,11.61376963212144,0.1774122719557294
10,95.25,11.648182217617402,11.46706712735785,0.18111509025955108
10,95.5,11.505182531157628,11.321610129668734,0.18357240148889353
10,95.75,11.36218284469786,11.177399239594713,0.1847836051031475
10,96.0,11.219183158238089,11.03443484310855,0.18474831512953926
10,96.25,11.07618347177832,10.892717113091457,0.18346635868686256
10,96.5,10.933183785318548,10.752246010904436,0.18093777441411163
10,96.75,10.790184098858779,10.613021288051812,0.17716281080696739
10,97.0,10.647184412399007,10.475042487934203,0.17214192446480325
10,97.25,10.504184725939238,10.338308947688873,0.16587577825036526
10,97.5,10.361185039479466,10.20281980011407,0.15836523936539493
10,97.75,10.218185353019695,10.068573975675214,0.14961137734448116
10,98.0,10.075185666559923,9.935570204590107,0.13961546196981622
10,98.25,9.932185980100156,9.803807018990128,0.12837896111002856
10,98.5,9.789186293640386,9.6732827551552,0.11590353848518653
10,98.75,9.646186607180615,9.5439955558194,0.1021910513612152
10,99.0,9.503186920720843,9.41594337254454,0.08724354817630342
10,99.25,9.360187234261074,9.289123968159174,0.07106326610190017
10,99.5,9.2171875478013,9.163534919260037,0.05365262854126307
10,99.75,9.074187861341533,9.039173618773226,0.0350142425683071
10,100.0,8.931188174881761,8.916037278572539,0.015150896309222617
10,100.25,8.788188488421989,8.794122932152021,-0.005934443730032157
10,100.5,8.64518880196222,8.67342743735015,-0.028238635387928923
10,100.75,8.502189115502452,8.553947479122897,-0.05175836362044528
10,101.0,8.359189429042681,8.435679572363021,-0.07649014332034021
10,101.25,8.21618974258291,8.318620064762797,-0.10243032217988635
10,101.5,8.073190056123138,8.202765139717648,-0.12957508359450998
10,101.75,7.930190369663369,8.088110819268074,-0.1579204496047053
10,102.0,7.787190683203599,7.974652967077226,-0.18746228387362684
10,102.25,7.699362484612403,7.862387291441387,-0.16302480682898324
10,102.5,7.616366766237042,7.751309348331155,-0.13494258209411303
10,102.75,7.533371047861682,7.6414145444604955,-0.10804349659881307
10,103.0,7.450375329486324,7.532698140381434,-0.08232281089511062
10,103.25,7.367379611110963,7.425155253601645,-0.057775642490681456
10,103.5,7.284383892735601,7.318780861722786,-0.034396968987184806
10,103.75,7.201388174360243,7.213569805597125,-0.01218163123688143
10,104.0,7.118392455984884,7.109516792499996,0.008875663484888108
10,104.25,7.035396737609524,7.006616399316016,0.028780338293508123
10,104.5,6.9524010192341645,6.904863075736486,0.04753794349767837
10,104.75,6.869405300858804,6.804251147466125,0.06515415339267872
10,105.0,6.7864095824834445,6.704774819436658,0.08163476304678685
10,105.25,6.703413864108083,6.606428179025308,0.0969856850827755
10,105.5,6.620418145732724,6.509205199275989,0.11121294645673441
10,105.75,6.537422427357364,6.413099742121304,0.12432268523606016
10,106.0,6.454426708982006,6.318105561603147,0.13632114737885903
10,106.25,6.371430990606645,6.224216307090188,0.14721468351645672
10,106.5,6.288435272231284,6.131425526490233,0.15700974574105153
10,106.75,6.205439553855926,6.039726669455476,0.16571288440044984
10,107.0,6.122443835480565,5.949113090579132,0.17333074490143296
10,107.25,6.0394481171052075,5.859578052581526,0.1798700645236817
10,107.5,5.956452398729847,5.771114729483763,0.18533766924608397
10,107.75,5.873456680354485,5.683716209767837,0.18974047058664745
10,108.0,5.790460961979126,5.597375499520879,0.19308546245824676
10,108.25,5.707465243603767,5.5120855255627035,0.1953797180410639
10,108.5,5.624469525228407,5.427839138554511,0.19663038667389632
10,108.75,5.541473806853048,5.344629116087795,0.19684469076525346
10,109.0,5.458478088477686,5.262448165751685,0.19602992272600073
