nb_steps,threshold,status,price,price_gap,relative_gap,runtime,pruned_nodes,error
50,0.0,success,7.402076762298127,0.0,0.0,0.037425899994559586,0,
50,1e-18,success,7.402076762298127,0.0,0.0,0.01628569990862161,360,
50,1e-15,success,7.402076762298123,-3.552713678800501e-15,4.799617449113683e-16,0.014405400026589632,500,
50,1e-12,success,7.402076762296522,-1.6049384043981263e-12,2.1682271826371065e-13,0.013540499960072339,682,
100,0.0,success,7.407350232169818,0.0,0.0,0.05667710001580417,0,
100,1e-18,success,7.407350232169818,0.0,0.0,0.04851819993928075,3649,
100,1e-15,success,7.40735023216982,2.6645352591003757e-15,3.59715036495562e-16,0.07623519992921501,4192,
100,1e-12,success,7.407350232170725,9.07718344933528e-13,1.2254292243282147e-13,0.06528500001877546,4831,
200,0.0,success,7.407078167291486,0.0,0.0,0.20871380006428808,0,
200,1e-18,success,7.407078167291486,0.0,0.0,0.21887499990407377,22410,
200,1e-15,success,7.407078167291487,8.881784197001252e-16,1.199094163231845e-16,0.1812200000276789,24121,
200,1e-12,success,7.407078167292006,5.204725539442734e-13,7.026691796538612e-14,0.17507710005156696,26051,
300,0.0,failed,,,,0.08948490000329912,0,Invalid trinomial probabilities.
300,1e-18,success,7.40590526203209,,,0.4129859999520704,60976,
300,1e-15,success,7.40590526203209,,,0.4146515999455005,64215,
300,1e-12,success,7.405905262032191,,,0.4499657000415027,67853,
