method,nb_steps,status,price,elapsed_seconds
recursive,500,OK,8.915479965003598,0.11246900004334748
recursive,1100,RecursionError,,0.26937190000899136
recursive,800,OK,8.91840097630107,0.2607432999648154
recursive,950,OK,8.918123491052256,0.3270761000458151
recursive,1025,RecursionError,,0.18794899992644787
recursive,987,OK,8.91515006631164,0.36520320002455264
recursive,1006,RecursionError,,0.15829970000777394
recursive,996,RecursionError,,0.16139649995602667
recursive,991,RecursionError,,0.15602000011131167
recursive,989,OK,8.915173383176807,0.3542091998970136
recursive,990,OK,8.917981692740609,0.36337599996477365
backward,991,OK,8.915196505006305,0.32252449996303767
