nb_steps,recursive_seconds,backward_seconds,recursive_backward_ratio
10,4.540011286735535e-05,7.379997987300158e-05,0.6151778489029667
20,0.00012889993377029896,0.00019809999503195286,0.6506811559965352
50,0.0006703000981360674,0.0008187999483197927,0.8186372013231652
100,0.013425800018012524,0.009881400037556887,1.3586941088291338
200,0.02048159996047616,0.018267099978402257,1.1212288751193222
400,0.06395530002191663,0.05382839997764677,1.188133031048206
600,0.14422559994272888,0.12666300009004772,1.138656117731267
800,0.25372020003851503,0.2302668000338599,1.1018531546936265
900,0.34770649997517467,0.2964664000319317,1.1728361120778747
