nb_steps,binomial_price,trinomial_price,black_scholes_price,binomial_error,trinomial_error,binomial_absolute_error,trinomial_absolute_error
1,10.94026906976209,7.3639444149079605,8.916037278572539,2.0242317911895515,-1.552092863664578,2.0242317911895515,1.552092863664578
2,8.501122528696447,8.212857324743554,8.916037278572539,-0.41491474987609145,-0.7031799538289842,0.41491474987609145,0.7031799538289842
3,9.5692661022477,8.533051407468973,8.916037278572539,0.6532288236751622,-0.38298587110356586,0.6532288236751622,0.38298587110356586
5,9.289497992761444,8.762197590932029,8.916037278572539,0.37346071418890503,-0.15383968764050948,0.37346071418890503,0.15383968764050948
10,8.931188174881786,8.89016398288723,8.916037278572539,0.015150896309247486,-0.02587329568530805,0.015150896309247486,0.02587329568530805
20,8.955651650247964,8.929469721611037,8.916037278572539,0.03961437167542492,0.01343244303849822,0.03961437167542492,0.01343244303849822
50,8.949346127059398,8.933538642943214,8.916037278572539,0.03330884848685933,0.017501364370675176,0.03330884848685933,0.017501364370675176
100,8.936136704385875,8.92514081833122,8.916037278572539,0.02009942581333668,0.009103539758681833,0.02009942581333668,0.009103539758681833
200,8.922754856300717,8.915065294110919,8.916037278572539,0.00671757772817827,-0.0009719844616196127,0.00671757772817827,0.0009719844616196127
